Type,Brand,Name,Price,Image,Network,Launch,Body,,,,,Display,,,,,,Platform,,,,,,,Memory,,,,Camera,,,,Sound,,,,Comms,,,,,,Feature,,,,,Battery,,,,Misc,,,,Tests,,,,,,KEYPAD THINGS,,,,RATINGS,
,,,,,,,Dimension,Weight,Build,SIM slots,SIM type,Type,Size,Resolution,Multitouch,Protection,Additional,OS,Chipset,Chipset2,CPU,CPU2,GPU,GPU2,SD Type,SD Size,Internal,RAM,Primary,Feature,Video,Secondary,Alert Type,Loudspeaker,Headphone,Additional,WLAN,Bluetooth,GPS,NFC,Radio,USB,Sensors,Messaging,Browser,Java,Additional,Battery,Stand-by,Talk time,Music play,Colours,SAR US,SAR EU,Price group,Performance,Display,Camera,Loudspeaker,Audio Quality,Battery Life,Games,Phonebook,Call records,Keyboard,,
"""Smartphone""","""Samsung""","""J7 Prime""","""1080""","""samsung-galaxy-j7-prime.png""","""GSM/HSPA/LTE""","""Available. Released 2016, August""","""151.7 x 75 x 8 mm (5.97 x 2.95 x 0.31 in)""","""167 g (5.89 oz)""",""" ""","""2""","""Nano sim""","""PLS TFT capacitive touchscreen, 16M colors""","""5.5 inches ""","""1080 x 1920 pixels ""","""Yes""","""Corning Gorilla Glass (market dependent)""",""" ""","""Android 6.0.1 (Marshmallow)""","""Exynos 7870 Octa""",""" ""","""Octa-core 1.6 GHz Cortex-A53""",""" ""","""Mali-T830MP2""",""" ""","""microSD""","""256 GB""","""32 GB""","""3 GB""","""13 MP, f/1.9, 28mm, autofocus, LED flash""","""Geo-tagging, touch focus, face detection, panorama, HDR""","""1080p@30fps""","""8 MP, f/1.9""","""Vibration; MP3, WAV ringtones""","""Yes""","""Yes""",""" ""","""Wi-Fi 802.11 b/g/n, Wi-Fi Direct, hotspot""","""4.1, A2DP, LE""","""Yes, with A-GPS, GLONASS/ BDS (region dependent)""",""" ""","""FM radio""","""microUSB 2.0, USB On-The-Go""","""Fingerprint (front-mounted), accelerometer, proximity""","""SMS(threaded view), MMS, Email, Push Mail, IM""","""HTML5""","""No""",""" ""","""Non-removable Li-Ion 3300 mAh battery""",""" ""","""Up to 21 h (3G)""","""Up to 84 h""","""Black, Gold""",""" ""","""0.40 W/kg (head)     1.40 W/kg (body)    ""","""6/10""",""" """,""" """,""" """,""" """,""" """,""" """,""" """,""" """,""" """,""" ""","""8.5""","""EOL"""
"""Smartphone""","""Samsung""","""Galaxy S8""","""3510""","""samsung-galaxy-s8.png""","""GSM/HSPA/LTE""","""Available. Released 2017, April""","""148.9 x 68.1 x 8 mm (5.86 x 2.68 x 0.31 in)""","""155 g (5.47 oz)""","""Corning Gorilla Glass 5 back panel""","""2""","""Nano-SIM""","""Super AMOLED capacitive touchscreen, 16M colors""","""5.8 inches (~83.6% screen-to-body ratio)""","""1440 x 2960 pixels (~570 ppi pixel density)""","""Yes""","""Corning Gorilla Glass 5""","""- 3D Touch (home button only)
- Always-on display
- TouchWiz UI""","""Android 7.0 (Nougat)""","""Exynos 8895 Octa - EMEA""","""Qualcomm MSM8998 Snapdragon 835 - US model""","""Octa-core (4x2.3 GHz & 4x1.7 GHz) - EMEA""","""Octa-core (4x2.35 GHz Kryo & 4x1.9 GHz Kryo) - US model""","""Mali-G71 MP20 - EMEA""","""Adreno 540 - US model""","""microSD""","""256 GB""","""64 GB""","""4 GB""","""12 MP, f/1.7, 26mm, phase detection autofocus, OIS, LED flash""","""1/2.5"" sensor size, 1.4 ?m pixel size, geo-tagging, simultaneous 4K video and 9MP image recording, touch focus, face/smile detection, Auto HDR, panorama""","""2160p@30fps, 1080p@60fps, HDR, dual-video rec.""","""8 MP, f/1.7, autofocus, 1440p@30fps, dual video call, Auto HDR""","""Vibration; MP3, WAV ringtones""","""Yes""","""Yes""",""" ""","""Wi-Fi 802.11 a/b/g/n/ac, dual-band, Wi-Fi Direct, hotspot""","""5.0, A2DP, LE, aptX""",""" Yes, with A-GPS, GLONASS, BDS, GALILEO""","""Yes""","""No""","""3.1, Type-C 1.0 reversible connector""","""Iris scanner, fingerprint (rear-mounted), accelerometer, gyro, proximity, compass, barometer, heart rate, SpO2""","""SMS(threaded view), MMS, Email, Push Mail, IM""","""HTML""","""No""",""" ""","""Non-removable Li-Ion 3000 mAh battery""",""" """,""" """,""" ""","""Midnight Black, Orchid Gray, Arctic Silver, Coral Blue, Maple Gold""",""" ""","""0.32 W/kg (head)     1.27 W/kg (body) ""","""9/10""","""Basemark OS II: 3272 / Basemark X: 42370""","""Contrast ratio: Infinite (nominal), 4.768 (sunlight)""","""-""","""Voice 68dB / Noise 69dB / Ring 70dB""","""Noise -92.5dB / Crosstalk -92.8dB""","""Endurance rating 84h""",""" """,""" """,""" """,""" ""","""8.8""","""EOL"""
"""Smartphone""","""Blackberry""","""Z10""","""480""","""blackberry-z10.png""","""GSM/CDMA/HSPA/LTE""","""Available. 2013, January""","""130 x 65.6 x 9 mm (5.12 x 2.58 x 0.35 in)""","""137.5 g (4.83 oz)""",""" ""","""1""","""Micro-SIM""","""Capacitive touchscreen, 16M colors""","""4.2 inches (~58.9% screen-to-body ratio)""","""768 x 1280 pixels (~355 ppi pixel density)""","""Yes""",""" """,""" ""","""BlackBerry OS 10, upgradable to 10.3.1""","""Qualcomm MSM8960 Snapdragon S4 Plus""",""" ""","""Dual-core 1.5 GHz Krait""",""" ""","""Adreno 225""",""" ""","""microSD""","""64 GB""","""16 GB""","""2 GB""","""8 MP, f/2.2, 31mm, autofocus, LED flash""","""Geo-tagging, touch focus, face detection, HDR, panorama""","""1080p@30fps""","""2 MP, 720p@30fps""","""Vibration; MP3, WAV ringtones""","""Yes""","""Yes""",""" ""","""Wi-Fi 802.11 a/b/g/n, dual-band, DLNA, hotspot""","""4.0, A2DP, LE""","""Yes, with A-GPS""","""Yes""","""No""","""microUSB 2.0""","""Accelerometer, gyro, proximity, compass""","""SMS, MMS, Email, Push Email, IM, BBM 6""","""HTML5""","""Yes, MIDP 2.1""",""" ""","""Removable Li-Ion 1800 mAh battery""","""Up to 312 h""","""Up to 10 h""",""" ""","""Black, White""","""1.07 W/kg (head)     1.07 W/kg (body)    ""","""0.87 W/kg (head)     0.99 W/kg (body)    ""","""5/10""",""" ""","""Contrast ratio: 1532 (nominal) / 2.051:1 (sunlight)""","""Photo / Video""","""Voice 70dB / Noise 67dB / Ring 73dB""","""Noise -82.8dB / Crosstalk -80.5dB""","""Endurance rating 46h""",""" """,""" """,""" """,""" ""","""8.3""","""EOL"""
"""Smartphone""","""Blackberry""","""Aurora""","""1215""","""BlackBerry-Aurora.png""","""GSM/HSPA/LTE""","""Available. 2017, March""","""152 x 76.8 x 8.5 mm (5.98 x 3.02 x 0.33 in)""","""178 g (6.28 oz)""",""" ""","""2""","""Micro-SIM""","""IPS LCD capacitive touchscreen, 16M colors""","""5.5 inches (~71.4% screen-to-body ratio)""","""720 x 1280 pixels (~267 ppi pixel density)""","""Yes""",""" """,""" ""","""Android 7.0 (Nougat)""","""Qualcomm MSM8917 Snapdragon 425""",""" ""","""Quad-core 1.4 GHz Cortex-A53""",""" ""","""Adreno 308""",""" ""","""microSD""","""256 GB""","""32 GB""","""4 GB""","""13 MP, autofocus, dual-LED flash""","""Geo-tagging, touch focus, face detection, HDR, panorama""","""1080p@30fps""","""8 MP, f/1.2""","""Vibration; MP3, WAV ringtones""","""Yes""","""Yes""",""" ""","""Wi-Fi 802.11 b/g/n, Wi-Fi Direct, hotspot""","""4.0, A2DP, EDR, LE""","""Yes, with A-GPS, GLONASS, BDS""",""" ""","""No""","""microUSB 2.0""","""Accelerometer, proximity, compass""","""SMS(threaded view), MMS, Email, Push Mail, IM""","""HTML5""","""No""",""" ""","""Li-Ion 3000 mAh battery""",""" """,""" """,""" ""","""Black, Silver, Gold""",""" """,""" ""","""5/10""",""" """,""" """,""" """,""" """,""" """,""" """,""" """,""" """,""" """,""" ""","""7.9""","""EOL"""
"""Smartphone""","""Nokia""","""6""","""1125""","""nokia-6.png""","""GSM/HSPA/LTE""","""Available. Released 2017, January""","""154 x 75.8 x 7.9 mm (6.06 x 2.98 x 0.31 in)""","""169 g (5.96 oz)""",""" ""","""2""","""Nano-SIM""","""IPS LCD capacitive touchscreen, 16M colors""","""5.5 inches (~70.7% screen-to-body ratio)""","""1080 x 1920 pixels (~403 ppi pixel density)""","""Yes""","""Corning Gorilla Glass 3""",""" ""","""Android 7.1.1 (Nougat)""","""Qualcomm MSM8937 Snapdragon 430""",""" ""","""Octa-core 1.4 GHz Cortex-A53""",""" ""","""Adreno 505""",""" ""","""microSD""","""256 GB""","""32 GB""","""3 GB""","""16 MP, f/2.0, phase detection autofocus, dual-LED (dual tone) flash""","""1.0 ?m pixel size, geo-tagging, touch focus, face detection, panorama, HDR""","""1080p@30fps""","""8 MP, f/2.0, 1.12 ?m pixel size, 1080p""","""Vibration; MP3, WAV ringtones""","""Yes, with stereo speakers""","""Yes""","""Dolby Atmos sound enhancement, Active noise cancellation with dedicated mic""","""Yes""","""Yes""","""Yes, with A-GPS, GLONASS""","""Yes""","""FM radio""","""microUSB 2.0, USB On-The-Go""","""Fingerprint (front-mounted), accelerometer, gyro, proximity, compass""","""SMS(threaded view), MMS, Email, Push Mail, IM""","""HTML5""","""No""",""" ""","""Non-removable Li-Ion 3000 mAh battery""","""Up to 768 h (3G)""","""Up to 18 h (3G)""","""Up to 22 h""","""Arte Black, Matte Black, Tempered Blue, Silver, Copper""",""" """,""" ""","""5/10""","""Basemark OS II: 1041 / Basemark X: 7522""","""Contrast ratio: 1385 (nominal), 3.244 (sunlight)""","""Photo / Video""","""Voice 63dB / Noise 70dB / Ring 85dB""","""Noise -91.8dB / Crosstalk -91.9dB""","""Endurance rating 75h""",""" """,""" """,""" """,""" ""","""7.9""","""EOL"""
"""Smartphone""","""Nokia""","""Lumia 520""","""540""","""nokia-lumia-520.png""","""GSM/HSPA/LTE""","""Available. Released 2013, April""","""119.9 x 64 x 9.9 mm, 75.7 cc (4.72 x 2.52 x 0.39 in)""","""124 g (4.37 oz)""",""" ""","""1""","""Micro-SIM""","""IPS LCD capacitive touchscreen, 16M colors""","""4.0 inches (~59.3% screen-to-body ratio)""","""480 x 800 pixels (~233 ppi pixel density)""","""Yes""","""Scratch-resistant glass""",""" ""","""Microsoft Windows Phone 8, upgradeable to 8.1""","""Qualcomm MSM8227""",""" ""","""Dual-core 1.0 GHz""",""" ""","""Adreno 305""",""" ""","""microSD""","""64 GB""","""8 GB""","""512 MB""","""5 MP, f/2.4, 28mm, autofocus""","""1/4"" sensor size, geo-tagging""","""720p@30fps""",""" ""","""Vibration; MP3, WAV ringtones""","""Yes""","""Yes""","""Active noise cancellation with dedicated mic""","""Wi-Fi 802.11 b/g/n, hotspot""","""4.0, A2DP, LE/ aptX after WP8 Denim update""","""Yes, with A-GPS, GLONASS""",""" ""","""FM radio""","""microUSB 2.0""","""Accelerometer, proximity""","""SMS (threaded view), MMS, Email, Push Email, IM""","""HTML5""","""No""",""" ""","""Removable Li-Ion 1430 mAh battery (BL-5J)""","""Up to 360 h (3G)""","""Up to 14 h 40 min (2G) / Up to 9 h 40 min (3G)""","""Up to 61 h""","""Yellow, red, cyan, white/black""","""0.77 W/kg (head)""","""1.09 W/kg (head)    ""","""2/10""",""" ""","""Contrast ratio: 834:1 (nominal) / 1.161:1 (sunlight)""","""Photo / Video""","""Voice 68dB / Noise 69dB / Ring 66dB""","""Noise -82.3dB / Crosstalk -81.8dB""","""Endurance rating 49h""",""" """,""" """,""" """,""" ""","""7.3""","""EOL"""
"""Smartphone""","""Sony""","""Xperia XZ Premium""","""1260""","""sony-xperia-xz-premium-2017-1.png""","""GSM/HSPA/LTE""","""Not yet. 2017, June 1st""","""156 x 77 x 7.9 mm (6.14 x 3.03 x 0.31 in)""","""195 g (6.88 oz)""","""Corning Gorilla Glass 5 back panel""","""2""","""Nano-SIM""","""IPS LCD capacitive touchscreen, 16M colors""","""5.46 inches (~68.4% screen-to-body ratio)""","""3840 x 2160 pixels (~807 ppi pixel density)""","""Yes, up to 10 fingers""","""Corning Gorilla Glass 5""","""- HDR10 compliant
- Triluminos display
- X-Reality Engine""","""Android 7.1 (Nougat)""","""Qualcomm MSM8998 Snapdragon 835""",""" ""","""Octa-core (4x2.45 GHz Kryo & 4x1.9 GHz Kryo)""",""" ""","""Adreno 540""",""" ""","""microSD""","""256 GB""","""64 GB""","""4 GB""","""19 MP, f/2.0, 25mm, EIS (gyro), predictive phase detection and laser autofocus, LED flash""","""1/2.3"" sensor size, geo-tagging, touch focus, face detection, HDR, panorama""","""2160p@30fps, 720p@960fps, HDR""","""13 MP, f/2.0, 22mm, 1/3"" sensor size, 1.12 ?m pixel size, 1080p""","""Vibration; MP3, WAV ringtones""","""Yes, with stereo speakers""","""Yes""","""- 24-bit/192kHz audio
- Active noise cancellation with dedicated mic""","""Wi-Fi 802.11 a/b/g/n/ac, dual-band, Wi-Fi Direct, DLNA, hotspot""","""5.0, A2DP, aptX, LE""","""Yes, with A-GPS, GLONASS, BDS, GALILEO""","""Yes""","""No""","""3.1, Type-C 1.0 reversible connector; USB Host""","""Fingerprint (side-mounted, region dependent), accelerometer, gyro, proximity, barometer, compass, color spectrum""","""SMS (threaded view), MMS, Email, IM, Push Email""","""HTML5""","""No""",""" ""","""Non-removable Li-Ion 3230 mAh battery""",""" """,""" """,""" ""","""Luminous Chrome, Deepsea Black, Bronze Pink""",""" """,""" ""","""9/10""",""" """,""" """,""" """,""" """,""" """,""" """,""" """,""" """,""" """,""" ""","""8.2""","""EOL"""
"""Smartphone""","""Sony""","""Xperia X5""","""1665""","""sony-z5-premium1.png""","""GSM/HSPA/LTE""","""Available. 2015, September""","""146 x 72 x 7.3 mm (5.75 x 2.83 x 0.29 in)""","""154 g (5.43 oz)""",""" ""","""1""","""Nano-SIM""","""IPS LCD capacitive touchscreen, 16M colors""","""5.2 inches (~69.6% screen-to-body ratio)""","""1080 x 1920 pixels (~428 ppi pixel density)""","""Yes, up to 10 fingers""","""Scratch-resistant glass, oleophobic coating""",""" ""","""Android 5.1.1 (Lollipop), upgradable to 7.0 (Nougat)""","""Qualcomm MSM8994 Snapdragon 810""",""" ""","""Octa-core (4x1.5 GHz Cortex-A53 & 4x2.0 GHz Cortex-A57)""",""" ""","""Adreno 430""",""" ""","""microSD""","""256 GB""","""32 GB""","""3 GB""","""23 MP, f/2.0, 24mm, phase detection autofocus, LED flash""","""1/2.3"" sensor size, geo-tagging, touch focus, face detection, HDR, panorama""","""2160p@30fps, 1080p@60fps, 720p@120fps, HDR""","""5.1 MP, f/2.4, 1080p, HDR""","""Vibration; MP3, WAV ringtones""","""Yes, with stereo speakers""","""Yes""","""- 24-bit/192kHz audio
- Active noise cancellation with dedicated mic""","""Wi-Fi 802.11 a/b/g/n/ac, dual-band, Wi-Fi Direct, DLNA, hotspot""","""4.1, A2DP, aptX""","""Yes, with A-GPS, GLONASS/ BDS (market dependant)""","""Yes""","""FM radio, RDS""","""microUSB 2.0 (MHL 3 TV-out), USB Host""","""Fingerprint (side-mounted; EU model only), accelerometer, gyro, proximity, compass, barometer""","""SMS (threaded view), MMS, Email, IM, Push Email""","""HTML5""","""No""",""" ""","""Non-removable Li-Ion 2900 mAh battery""","""Up to 520 h (2G) / Up to 540 h (3G)""","""Up to 13 h 10 min (2G) / Up to 17 h (3G)""","""Up to 87 h""","""White, Graphite Black, Gold, Green, Pink""","""0.55 W/kg (head)     0.64 W/kg (body)    ""","""0.75 W/kg (head)     0.78 W/kg (body)    ""","""8/10""","""Basemark OS II: 1354 / Basemark X: 24941""","""Contrast ratio: 986 (nominal), 2.88(sunlight)""","""Photo / Video""","""Voice 65dB / Noise 62dB / Ring 66dB""","""Noise -95.5dB / Crosstalk -94.8dB""","""Endurance rating 48h""",""" """,""" """,""" """,""" ""","""8.4""","""EOL"""
"""Smartphone""","""LG""","""G6""","""2799""","""lg-g6.png""","""GSM/CDMA/HSPA/LTE""","""Available. Released 2017, March""","""148.9 x 71.9 x 7.9 mm (5.86 x 2.83 x 0.31 in)""","""163 g (5.75 oz)""","""Corning Gorilla Glass 5 back panel""","""2""","""Nano-SIM""","""IPS LCD capacitive touchscreen, 16M colors""","""5.7 inches (~78.6% screen-to-body ratio)""","""1440 x 2880 pixels (~564 ppi pixel density)""","""Yes""","""Corning Gorilla Glass 3""","""- Dolby Vision/HDR10 compliant
- Always-on display
- LG UX 6.0 UI""","""Android 7.0 (Nougat)""","""Qualcomm MSM8996 Snapdragon 821""",""" ""","""Quad-core (2x2.35 GHz Kryo & 2x1.6 GHz Kryo)""",""" ""","""Adreno 530""",""" ""","""microSD""","""256 GB""","""32 GB""","""4 GB""","""13 MP, (f/1.8, OIS, 3-axis, phase detection AF) + 13 MP (f/2.4, no AF), dual-LED flash""","""1/3"" sensor size, 1.12 ?m pixel size, geo-tagging, touch focus, face detection, HDR""","""2160p@30fps, 1080p@30/60fps, HDR, 24-bit/192kHz stereo sound rec""","""5 MP, f/2.2, 1080p""","""Vibration; MP3, WAV ringtones""","""Yes""","""Yes""","""- 32-bit/192kHz audio
- Active noise cancellation with dedicated mic""","""Wi-Fi 802.11 a/b/g/n/ac, dual-band, Wi-Fi Direct, DLNA, hotspot""","""4.2, A2DP, LE, aptX HD""","""Yes, with A-GPS, GLONASS, BDS""","""Yes""","""FM radio (market dependent)""","""3.1, Type-C 1.0 reversible connector, USB On-The-Go""","""Fingerprint (rear-mounted), accelerometer, gyro, proximity, compass, barometer""","""SMS(threaded view), MMS, Email, Push Mail, IM""","""HTML5""","""No""",""" ""","""Non-removable Li-Po 3300 mAh battery""",""" """,""" """,""" ""","""Mystic white, astro black, ice platinum""",""" ""","""0.23 W/kg (head)     0.15 W/kg (body)""","""9/10""","""Basemark OS II: 2291 / Basemark X: 30507""","""Contrast ratio: 2053 (nominal), 3.556 (sunlight)""","""Photo / Video""","""Voice 66dB / Noise 68dB / Ring 74dB""","""Noise -93.3dB / Crosstalk -94.4dB""","""Endurance rating 72h""",""" """,""" """,""" """,""" ""","""8.3""","""EOL"""
"""Smartphone""","""LG""","""Stylus 3""","""1170""","""lg-stylus-3.png""","""GSM/CDMA/HSPA/LTE""","""Available. Released 2017, March""","""155.6 x 79.8 x 7.4 mm (6.13 x 3.14 x 0.29 in)""","""149 g (5.26 oz)""",""" ""","""2""","""Nano-SIM""","""IPS LCD capacitive touchscreen, 16M colors""","""5.7 inches (~72.1% screen-to-body ratio)""","""720 x 1280 pixels (~258 ppi pixel density)""","""Yes""",""" """,""" ""","""Android 7.0 (Nougat)""","""Mediatek MT6750 - M400DK""","""Qualcomm MSM8940 Snapdragon 435 - LS777""","""Octa-core 1.5 GHz Cortex-A53 - M400DK""","""Octa-core 1.4 GHz Cortex-A53 - LS777""","""Mali-T860MP2 - M400DK""","""Adreno 505 - LS777""","""microSD""","""256 GB""","""16 GB""","""3 GB RAM (M400DK) or 2 GB RAM (K10 Pro, LS777) ""","""13 MP, f/2.2, autofocus, LED flash""","""1/3"" sensor size, 1.12 ?m pixel size, geo-tagging, touch focus, face detection""","""1080p@30fps""","""5 MP, f/1.5""","""Vibration; MP3, WAV ringtones""","""Yes""","""Yes""",""" ""","""Wi-Fi 802.11 b/g/n, WiFi Direct, DLNA, hotspot""","""4.1, A2DP, LE""","""Yes, with A-GPS, GLONASS""","""Yes""","""Stereo FM radio with RDS; recording""","""microUSB 2.0, USB On-The-Go""","""Fingerprint (rear-mounted), accelerometer, gyro, proximity, compass""","""SMS(threaded view), MMS, Email, Push Mail, IM""","""HTML5""","""No""",""" ""","""Removable Li-Ion 3200 mAh battery""",""" """,""" """,""" ""","""Titan, Pink gold""",""" """,""" ""","""4/10""",""" """,""" """,""" """,""" """,""" """,""" """,""" """,""" """,""" """,""" ""","""8.0""","""EOL"""
"""Keypad""","""Samsung""","""Xcover 550""","""190""","""samsung-xcover-550.png""","""GSM / HSPA""","""Available. Released 2015, July""","""129 x 56.2 x 14 mm (5.08 x 2.21 x 0.55 in)""","""124 g (4.37 oz)""","""-""","""1""","""Mini-SIM""","""TFT""","""2.4 inches (~24.6% screen-to-body ratio)""","""240 x 320 pixels (~167 ppi pixel density)""","""-""","""-""","""-""","""-""","""Spreadtrum SC7703""","""-""","""Dual-core 460 MHz""","""-""","""-""","""-""","""microSD""","""16 GB""","""256 MB""","""128 MB ""","""3.15 MP, LED flash""","""-""","""Yes""","""No""","""Vibration; Polyphonic, MP3 ringtones""","""Yes""","""Yes""","""-""","""No""","""3.0, A2DP""","""No""","""-""","""FM radio, RDS""","""microUSB 2.0""","""-""","""SMS, MMS, Email, IM""","""WAP 2.0/xHTML""","""Yes, MIDP 2.0""","""- MP3/WAV/eAAC+ player
- MP4/H.263 player
- Organizer
- Voice memo
""","""Removable Li-Ion 1300 mAh or 1500 mAh battery""","""-""","""-""","""-""","""Steel Grey, Dark Silver""","""0.56 W/kg (head)     1.06 W/kg (body)    ""","""0.78 W/kg (head)     0.44 W/kg (body)    ""","""3/10""","""-""","""-""","""-""","""-""","""-""","""-""","""Downloadable""","""Yes""","""Yes""","""-""","""5.1""","""EOL"""
"""Keypad""","""Samsung""","""Guru Music 2""","""120""","""samsung-guru-music-2.png""","""GSM""","""Available. Released 2014, June""","""112.7 x 46.4 x 13.1 mm (4.44 x 1.83 x 0.52 in)""","""75 g (2.65 oz)""","""-""","""2""","""Mini-SIM""","""TFT, 65K colors""","""2.0 inches (~24.1% screen-to-body ratio)""","""128 x 160 pixels (~102 ppi pixel density)""","""-""","""-""","""-""","""-""","""-""","""-""","""208 MHz""","""-""","""-""","""-""","""microSD""","""16 GB""","""-""","""-""","""No""","""No""","""No""","""No""","""Vibration, MP3 ringtones""","""Yes""","""Yes""","""-""","""No""","""No""","""No""","""-""","""Stereo FM radio, RDS, recording""","""microUSB 2.0""","""-""","""SMS""","""-""","""-""","""- MP3//AAC/WAV player
- Organizer
- Voice memo
- Predictive text input
""","""Removable Li-Ion 800 mAh battery""","""-""","""Up to 11 h (3G)""","""-""","""White""","""-""","""0.87 W/kg (head""","""1/10""","""-""","""-""","""-""","""-""","""-""","""-""","""Yes""","""Yes""","""Yes""",""" ""","""5.0""","""EOL"""
"""Keypad""","""Blackberry""","""Keyone""","""2700""","""blackberry-keyone.png""","""GSM / HSPA / LTE""","""Available. Released 2017, April""","""149.1 x 72.4 x 9.4 mm (5.87 x 2.85 x 0.37 in)""","""180 g (6.35 oz)""","""-""","""1""","""Nano-SIM""","""IPS LCD capacitive touchscreen, 16M colors""","""4.5 inches (~55.9% screen-to-body ratio)""","""1080 x 1620 pixels (~433 ppi pixel density)""","""Yes""","""Corning Gorilla Glass 4""","""-""","""Android 7.1 (Nougat)""","""Qualcomm MSM8953 Snapdragon 625""","""-""","""Octa-core 2.0 GHz Cortex-A53""","""-""","""Adreno 506""","""-""","""microSD""","""256 GB""","""32 GB""","""3 GB""","""12 MP, f/2.0, phase detection autofocus, dual-LED (dual tone) flash""","""1/2.3'' sensor size, 1.55?m pixel size, geo-tagging, touch focus, face detection, HDR, panorama""","""2160p@30fps""","""8 MP, f/2.2, 1.12 ?m pixel size, 1080p""","""Vibration; MP3, WAV ringtones""","""Yes""","""Yes""","""- Active noise cancellation with dedicated mic""","""Wi-Fi 802.11 a/b/g/n/ac, dual-band, WiFi Direct, hotspot""","""4.2, A2DP, LE, EDR""","""Yes, with A-GPS, GLONASS, BDS2""","""Yes""","""FM radio""","""3.1, Type-C 1.0 reversible connector, USB On-The-Go""","""Fingerprint (front-mounted), accelerometer, gyro, proximity, compass""","""SMS, MMS, Email, Push Email, IM, BBM""","""HTML5""","""No""","""- Fast battery charging: 50% in 36 min (Quick Charge 3.0)
- MP3/WAV/eAAC+/FlAC player
- DivX/Xvid/MP4/H.265 player
- Photo/video editor
- Document viewer
""","""Non-removable Li-Ion 3505 mAh battery""","""-""","""-""","""-""","""Black""","""-""","""-""","""9/10""","""-""","""-""","""-""","""-""","""-""","""-""","""-""","""-""","""-""","""QWERTY""","""9.0""","""EOL"""
"""Keypad""","""Blackberry""","""Porche Design P'9983""","""6160""","""BlackBerry-Porsche-Design-P9983.png""","""GSM / HSPA / LTE""","""Available. Released 2014, October""","""119 x 67.1 x 10.6 mm (4.69 x 2.64 x 0.42 in)""","""140 g (4.94 oz)""","""-""","""1""","""Micro-SIM""","""Capacitive touchscreen, 16M colors""","""3.1 inches (~38.8% screen-to-body ratio)""","""720 x 720 pixels (~328 ppi pixel density)""","""Yes""","""-""","""-""","""BlackBerry OS 10.3, upgradable to 10.3.1""","""Qualcomm MSM8960T Snapdragon S4 Pro""","""-""","""Dual-core 1.5 GHz Krait""","""-""","""Adreno 225""","""-""","""microSD""","""256 GB""","""64 GB""","""2 GB""","""8 MP, autofocus, LED flash""","""Geo-tagging, touch focus, face detection, HDR, panorama""","""1080p@30fps""","""2 MP, 720p@30fps""","""Vibration; MP3, WAV ringtones""","""Yes""","""Yes""","""-""","""Wi-Fi 802.11 a/b/g/n, dual-band, DLNA, hotspot""","""4.0, A2DP, LE""","""Yes, with A-GPS, GLONASS""","""Yes""","""FM radio""","""microUSB 2.0""","""Accelerometer, gyro, proximity, compass""","""SMS, MMS, Email, Push Email, IM, BBM""","""HTML5""","""No""","""- HDMI port
- BlackBerry maps
- Organizer
- Document viewer
- Photo/video editor
- MP3/WMA/WAV/eAAC+/FlAC player
- DivX/XviD/MP4/WMV/H.264 player
- Voice memo/dial
- Predictive text input
""","""Removable Li-Ion 2100 mAh battery""","""Up to 288 h (2G) / Up to 288 h (3G)""","""Up to 9 h (2G) / Up to 14 h (3G)""","""Up to 45 h""","""Black""","""-""","""-""","""9/10""","""-""","""-""","""-""","""-""","""-""","""-""","""-""","""-""","""-""","""QWERTY""","""7.3""","""EOL"""
"""Keypad""","""Nokia""","""3310""","""158""","""nokia-3310.png""","""GSM""","""Not yet. 2017, May""","""115.6 x 51 x 12.8 mm (4.55 x 2.01 x 0.50 in)""","""-""","""-""","""2""","""Mini-SIM""","""TFT""","""2.4 inches (~30.3% screen-to-body ratio)""","""240 x 320 pixels (~167 ppi pixel density)""","""-""","""-""","""-""","""-""","""-""","""-""","""-""","""-""","""-""","""-""","""microSD""","""32 GB""","""16 MB""","""-""","""2 MP, LED flash""","""-""","""Yes""","""No""","""Vibration, MP3 ringtones""","""Yes""","""Yes""","""-""","""No""","""3.0, A2DP""","""No""","""-""","""FM radio""","""microUSB 2.0""","""-""","""SMS""","""WAP 2.0/xHTML""","""No""","""- Audio/Video player""","""Removable Li-Ion 1200 mAh battery""","""Up to 744 h""","""Up to 22 h""","""Up to 51 h""","""WaRed (Glossy), Dark Blue (Matte), Yellow (Glossy), Grey (Matte)""","""-""","""-""","""1/10""","""-""","""-""","""-""","""-""","""-""","""-""","""Yes""","""Yes""","""Yes""","""-""","""7.0""","""EOL"""
"""Keypad""","""Nokia""","""150""","""180""","""nokia-150.png""","""GSM""","""Available. Released 2017, January""","""118 x 50.2 x 13.5 mm (4.65 x 1.98 x 0.53 in)""","""81 g (2.86 oz)""","""-""","""2""","""Mini-SIM""","""TFT, 65K colors""","""2.4 inches (~30.1% screen-to-body ratio)""","""240 x 320 pixels (~167 ppi pixel density)""","""-""","""-""","""-""","""-""","""-""","""-""","""-""","""-""","""-""","""-""","""microSD""","""32 GB""","""-""","""-""","""1 MP, LED flash""","""No""","""No""","""No""","""Vibration; Polyphonic""","""Yes""","""Yes""","""-""","""No""","""3.0""","""No""","""-""","""FM radio""","""microUSB""","""-""","""SMS""","""No""","""No""","""- MP3 player
- Organizer""","""Removable Li-Ion 1020 mAh battery (BL-5C)""","""Up to 744 h""","""Up to 22 h""","""Up to 40 h""","""Black, White""","""-""","""-""","""1/10""","""-""","""-""","""-""","""-""","""-""","""-""","""Yes""","""Yes""","""Yes""","""-""","""6.8""","""EOL"""
"""Keypad""","""Motorola""","""Defy Pro XT560""","""540""","""motorola-defy-pro-xt560.png""","""GSM/ HSPA""","""Available. Released 2012, July""","""110 x 66 x 12 mm (4.33 x 2.60 x 0.47 in)""","""115 g (4.06 oz)""","""-""","""1""","""Mini-SIM""","""TFT capacitive touchscreen, 16M colors""","""2.7 inches (~29.9% screen-to-body ratio)""","""320 x 480 pixels (~214 ppi pixel density)""","""Yes""","""Corning Gorilla Glass""","""-""","""Android 2.3 (Gingerbread)""","""-""","""-""","""1.0 GHz""","""-""","""-""","""-""","""microSD""","""32 GB""","""287 MB""","""-""","""5 MP, autofocus, LED flash""","""Geo-tagging""","""Yes""","""Yes""","""Vibration; MP3, WAV ringtones""","""Yes""","""Yes""","""-""","""Wi-Fi 802.11 b/g/n, DLNA, hotspot""","""3.0, A2DP""","""Yes, with A-GPS""","""-""","""FM radio""","""microUSB 2.0""","""Accelerometer, proximity, compass""","""SMS(threaded view), MMS, Email, Push Email, IM""","""HTML, Adobe Flash""","""Yes, via Java MIDP emulator""","""- MP3/WAV/eAAC+ player
- MP4/H.264 player
- Document editor
- Photo viewer
- Organizer
- Voice memo/dial/commands
- Predictive text input""","""Removable Li-Ion 1700 mAh battery""","""Up to 324 h""","""Up to 12 h""","""-""","""Black""","""1.42 W/kg (head)     1.27 W/kg (body)    ""","""-""","""4/10""","""-""","""-""","""-""","""-""","""-""","""-""","""-""","""-""","""-""","""QWERTY""","""6.1""","""EOL"""
"""Keypad""","""Motorola""","""Motokey 3-Chip EX117""","""225""","""Motorola-MOTOKEY3-CHIP-E117.png""","""GSM""","""Available. Released 2012, June""","""102 x 59 x 12.8 mm (4.02 x 2.32 x 0.50 in)""","""87 g (3.07 oz)""","""-""","""3""","""Mini-SIM""","""TFT, 256K colors""","""2.0 inches (~20.9% screen-to-body ratio)""","""220 x 176 pixels (~141 ppi pixel density""","""-""","""-""","""-""","""-""","""-""","""-""","""-""","""-""","""-""","""-""","""microSD""","""32 GB""","""50 MB""","""64 MB""","""2 MP""","""-""","""Yes""","""No""","""Vibration, MP3 ringtones""","""Yes""","""Yes""","""-""","""No""","""2.1, A2DP, EDR""","""No""","""-""","""Stereo FM radio""","""Yes""","""-""","""SMS, MMS, Email, IM""","""WAP 2.0/xHTML""","""No""","""- SNS applications
- Facebook dedicated key
- MP3/WAV/AAC+ player
- MP4/H.264 player
- Organizer
- Document viewer
- Voice memo
- Predictive text input""","""Removable Li-Ion 750 mAh battery""","""Up to 400 h""","""Up to 3 h""","""-""","""Brown, White""","""0.72 W/kg (head)     0.72 W/kg (body)    ""","""-""","""2/10""","""-""","""-""","""-""","""-""","""-""","""-""","""Yes""","""1000 entries, Photocall""","""Yes""","""QWERTY""","""6.3""","""EOL"""
"""Keypad""","""LG""","""450""","""126""","""lg-450.png""","""GSM / HSPA""","""Available. Released 2014, Q4""","""98 x 51.1 x 18.5 mm (3.86 x 2.01 x 0.73 in)""","""102.9 g (3.63 oz)""","""-""","""1""","""-""","""TFT, 256K colors""","""2.2 inches (~30.4% screen-to-body ratio)""","""176 x 220 pixels (~128 ppi pixel density)""","""-""","""-""","""Secondary external monochrome display, 64 x 96 pixels, 1 inch""","""-""","""-""","""-""","""-""","""-""","""-""","""-""","""-""","""-""","""256 MB""","""128 MB ""","""1.3 MP""","""-""","""144p""","""No""","""Vibration, MP3 ringtones""","""Yes""","""Yes""","""-""","""No""","""2.1, A2DP""","""No""","""-""","""No""","""microUSB""","""-""","""SMS, MMS""","""WAP 2.0/xHTML""","""Yes""","""-MP3/WMA/AAC+/MP4 player
- Oraganizer
- Photo viewer
- Predictive text input
- Voice commands
""","""Removable Li-Ion 950 mAh battery""","""Up to 350 h""","""Up to 3 h 20 min""","""-""","""Black""","""-""","""-""","""2/10""","""-""","""-""","""-""","""-""","""-""","""-""","""No""","""Yes""","""Yes""","""-""","""5.6""","""EOL"""
"""Keypad""","""LG""","""tri chip c333""","""415""","""lg-tri-chip-c333.png""","""GSM""","""Available. Released 2012, September""","""108.9 x 59.6 x 12.1 mm (4.29 x 2.35 x 0.48 in)""","""98.2 g (3.46 oz)""","""-""","""3""","""Mini-SIM""","""TFT, 256K colors""","""2.3 inches (~25.2% screen-to-body ratio)""","""240 x 320 pixels (~174 ppi pixel density)""","""-""","""-""","""-""","""-""","""Mediatek MT6236""","""-""","""-""","""-""","""-""","""-""","""microSD""","""8 GB""","""78.4 MB""","""-""","""3.15 MP""","""-""","""Yes""","""No""","""Vibration; MP3 ringtones""","""Yes""","""Yes""","""-""","""Yes""","""2.1, EDR""","""No""","""-""","""FM radio, recording""","""2.0""","""-""","""SMS (threaded view), MMS, Email, Push mail, IM""","""WAP 2.0/xHTML""","""-""","""- SNS applications
- MP3/WAV/AAC+ player
- MP4/H.263 player
- Organizer
- Voice memo
- Predictive text input
""","""Removable Li-Ion 1110 mAh battery""","""-""","""-""","""-""","""Black""","""-""","""0.70 W/kg (head)     0.28 W/kg (body)    ""","""2/10""","""-""","""-""","""-""","""-""","""-""","""-""","""Yes""","""1000 entries, Photocall""","""Yes""","""QWERTY""","""6.2""","""EOL"""
"""Smartphone""","""Asus""","""Zenfone Go ZB552KL""","""1999""","""asus-zenfone-go-zb551kl.jpg""","""GSM/HSPA/LTE""","""Coming soon. Exp. release 2017, May""","""153.4 x 76.4 x 10.9 mm (6.04 x 3.01 x 0.43 in)""","""168 g (5.93 oz)""","""-""","""2""","""Micro-SIM""","""IPS LCD capacitive touchscreen, 16M colors""","""5.5 inches (~71.2% screen-to-body ratio)""","""720 x 1280 pixels (~267 ppi pixel density)""","""Yes""","""-""","""- Asus ZenUI 3.0""","""Android 6.0 (Marshmallow)""","""Qualcomm MSM8916 Snapdragon 410""","""-""",""" Quad-core 1.2 GHz Cortex-A53""","""-""","""Adreno 306""","""-""","""microSD""","""128 GB""","""32 GB""","""2 GB""","""13 MP, f/2.0, autofocus, dual-LED (dual tone) flash""","""Geo-tagging, touch focus, face detection, HDR, panorama""","""1080p@30fps""","""5 MP, f/2.0, autofocus""","""Vibration; MP3, WAV ringtones""","""Yes""","""Yes""","""- Active noise cancellation with dedicated mic""","""Wi-Fi 802.11 b/g/n, Wi-Fi Direct, hotspot""","""4.0, A2DP, EDR""",""" Yes, with A-GPS, GLONASS, BDS""","""-""",""" FM radio""",""" microUSB 2.0""","""Accelerometer, proximity, compass""",""" SMS(threaded view), MMS, Email, Push Email, IM""","""HTML""","""No""","""- MP3/WAV/eAAC+ player
- MP4/H.264 player
- Document viewer
- Photo/video editor""","""Non-removable Li-Ion 3000 mAh battery""",""" Up to 480 h (3G)""",""" Up to 16 h (3G)""","""-""",""" Charcoal Black, Pearl White, Glamor Red, Sheer Gold, Glacier Gray, Silver Blue""","""-""","""-""","""-""","""-""","""-""","""-""","""-""","""-""","""-""",""" """,""" """,""" """,""" ""","""7.5""","""EOL"""
"""Smartphone""","""Asus""","""Zenfone 3s Max ZC521TL""","""2999""","""asus-zenfone-3s-max-zc-521tl.png""","""GSM / HSPA / LTE""","""Available. Released 2017, February""",""" 8.9 mm thickness""",""" 175 g (5.22 oz)""","""-""","""2""","""Micro-SIM/Nano-SIM""","""IPS LCD capacitive touchscreen, 16M colors""",""" 5.2 inches""","""720 x 1280 pixels (~282 ppi pixel density)""","""Yes""","""-""","""- Asus ZenUI 3.0""",""" Android 7.0 (Nougat)""","""Mediatek MT6750""",""" ""","""Octa-core 1.5 GHz Cortex-A53""","""-""",""" Mali-T860MP2""","""-""","""microSD""","""256 GB""","""32 GB""","""3 GB""","""13 MP, f/2.0, autofocus, dual-LED (dual tone) flash""","""Geo-tagging, touch focus, face detection, panorama, HDR""","""1080p@30fps""","""8 MP""","""Vibration; MP3, WAV ringtones""","""Yes""","""Yes""","""- Active noise cancellation with dedicated mic""","""Wi-Fi 802.11 a/b/g/n/ac, dual-band, WiFi Direct, hotspot""","""4.0, A2DP, EDR""","""Yes, with A-GPS, GLONASS, BDS""","""-""","""FM radio""","""microUSB 2.0, USB On-The-Go""","""Fingerprint (front-mounted), accelerometer, gyro, proximity, compass""","""SMS(threaded view), MMS, Email, Push Email, IM""","""HTML5""","""No""",""" - MP3/WAV/eAAC+ player
- MP4/H.264 player
- Document viewer
- Photo/video editor
- Power Bank function""",""" Non-removable Li-Po 5000 mAh battery""","""Up to 816 h (3G)""","""Up to 28 h (3G)""","""-""","""Gold, Black""","""-""","""-""",""" 5/10""","""-""","""-""","""-""","""-""","""-""","""-""",""" """,""" """,""" """,""" ""","""7.5""","""EOL"""
"""Smartphone""","""Asus""","""Zenpad 3S 10 Z500KL""","""1500""","""asus-zenpad-3s.jpg""","""GSM / HSPA / LTE""","""Available. Released 2017, January""",""" 242.3 x 164.2 x 6.8 mm (9.54 x 6.46 x 0.27 in)""",""" 490 g (1.08 lb)""","""-""","""2""","""Nano-SIM""","""IPS LCD capacitive touchscreen, 16M colors""","""9.7 inches (~73.2% screen-to-body ratio)""","""1536 x 2048 pixels (~264 ppi pixel density)""",""" Yes, up to 10 fingers""",""" Oleophobic coating""","""-""","""Android 6.0 (Marshmallow)""","""Qualcomm MSM8956 Snapdragon 650""","""-""","""Hexa-core (4x1.4 GHz Cortex-A53 & 2x1.8 GHz Cortex-A72)""","""-""","""Adreno 510""","""-""","""microSD""","""256 GB""","""32 GB""","""4 GB""","""8 MP, autofocus""",""" Geo-tagging, touch focus, face detection, HDR, panorama""","""1080p@30fps""","""5 MP, 1080p""","""Vibration; MP3, WAV ringtones""","""Yes, with stereo speakers""","""Yes""","""- 24-bit/192kHz audio
- DTS Headphone X
- DTS HD sound enhancement
- Active noise cancellation with dedicated mic""",""" """,""" 4.1, A2DP, LE, EDR, aptX""","""Yes; GLONASS""","""-""","""No""","""2.0, Type-C 1.0 reversible connector""","""Accelerometer, gyro, proximity, compass""","""SMS(threaded view), MMS, Email, Push Mail, IM""","""HTML5""","""No""","""- Fast battery charging (Quick Charge 3.0)
- Google Drive (100 GB cloud storage)
- MP3/WAV/eAAC+ player
- MP4/H.264 player
- Document viewer
- Photo/video editor""","""Non-removable Li-Po 7800 mAh battery (30 Wh)""","""Up to 16 h (multimedia)""","""-""","""-""","""Silver, Grey""","""-""","""-""","""8/10""","""-""","""-""","""-""","""-""","""-""","""-""",""" """,""" """,""" """,""" ""","""8.5""","""EOL"""
"""Smartphone""","""Asus""",""" Zenfone Pegasus 3""","""2500""","""asus-zenfone-pegasus-3.jpg""","""GSM / HSPA / LTE""","""Available. Released 2016, June""","""149.5 x 73.7 x 8.6 mm (5.89 x 2.90 x 0.34 in)""","""158.4 g (5.57 oz)""","""-""","""2""","""Micro-SIM""","""IPS LCD capacitive touchscreen, 16M colors""",""" 5.2 inches (~67.7% screen-to-body ratio)""","""720 x 1280 pixels (~282 ppi pixel density)""","""Yes""","""-""",""" - Asus ZenUI""","""Android 6.0.1 (Marshmallow)""",""" Mediatek MT6737""","""-""","""Quad-core 1.3 GHz Cortex-A53""","""-""",""" Mali-T720MP2""","""-""","""microSD""","""256 GB""","""16 GB""","""2 GB""","""13 MP, f/2.2, autofocus, LED flash""",""" Geo-tagging, touch focus, face detection, panorama, HDR""","""1080p@30fps""","""5 MP, f/2.0""","""Vibration; MP3, WAV ringtones""","""Yes""","""Yes""","""- Active noise cancellation with dedicated mic""","""Wi-Fi 802.11 b/g/n, hotspot""","""Yes""","""Yes, with A-GPS, GLONASS""","""-""","""FM radio""","""microUSB 2.0""","""Fingerprint (rear-mounted), accelerometer, proximity, compass""",""" SMS(threaded view), MMS, Email, Push Email, IM""","""HTML5""",""" No""",""" - MP3/WAV/eAAC+ player
- MP4/H.264 player
- Document viewer
- Photo/video editor""","""Non-removable Li-Ion 4100 mAh battery""","""-""","""-""","""-""",""" Gold, silver, gray, rose gold""","""-""","""-""","""5/10""","""-""","""-""","""-""","""-""","""-""","""-""",""" """,""" """,""" """,""" ""","""6.4""","""EOL"""
"""Smartphone""","""Asus""","""Live G500TG""","""1499""","""asus-live-g500tg-.jpg""","""GSM / HSPA""","""Available. Released 2016, February""","""144.5 x 71 x 10 mm (5.69 x 2.80 x 0.39 in)""","""140 g (4.94 oz)""","""-""","""2""","""Micro-SIM""","""IPS LCD capacitive touchscreen, 16M colors""","""5.0 inches (~67.2% screen-to-body ratio)""","""720 x 1280 pixels (~294 ppi pixel density)""","""Yes""","""-""","""-""","""Android 5.1 (Lollipop)""","""Mediatek MT6580""","""-""","""Quad-core 1.3 GHz Cortex-A7""","""-""",""" Mali-400MP2""","""-""","""microSD""","""64 GB""","""16 GB""","""2 GB""",""" 8 MP, f/2.0, autofocus, LED flash""","""Yes""","""Yes""","""2 MP, f/2.4""",""" Vibration; MP3, WAV ringtones""","""Yes""","""Yes""","""-""",""" Wi-Fi 802.11 b/g/n, hotspot""","""4.0, A2DP, LE""",""" Yes, with A-GPS""","""-""",""" FM radio""","""microUSB 2.0""",""" Accelerometer, proximity""","""SMS(threaded view), MMS, Email, Push Email, IM""","""HTML""","""No""","""- MP3/WAV/eAAC+ player
- MP4/H.264 player
- Document viewer
- Photo/video editor""","""Removable Li-Po 2070 mAh battery""","""-""","""-""","""-""",""" Rosa, Azul, Yellow""","""-""","""-""","""5/10""","""-""","""-""","""-""","""-""","""-""","""-""",""" """,""" """,""" """,""" ""","""5.0""","""EOL"""
"""Smartphone""","""Xiaomi""","""Redmi 4 (4X)""","""999""","""xiaomi-redmi-4x.jpg""","""GSM / HSPA / EVDO / LTE""","""Coming soon. Exp. release 2017, May 23rd""","""139.2 x 70 x 8.7 mm (5.48 x 2.76 x 0.34 in)""",""" 150 g (5.29 oz)""","""-""","""2""","""Nano-SIM/ Micro-SIM""",""" IPS LCD capacitive touchscreen, 16M colors""","""5.0 inches (~70.7% screen-to-body ratio)""",""" 720 x 1280 pixels (~294 ppi pixel density)""","""Yes""","""Corning Gorilla Glass (unspecified version)""",""" - MIUI 8""","""Android 6.0.1 (Marshmallow)""","""Qualcomm MSM8940 Snapdragon 435""","""-""","""Octa-core 1.4 GHz Cortex-A53""","""-""","""Adreno 505""","""-""","""microSD""","""128 GB""","""64 GB""","""4 GB""","""13 MP, f/2.0, phase detection autofocus, LED flash""","""Geo-tagging, touch focus, face/smile detection, HDR, panorama""","""1080p@30fps""","""5 MP, f/2.2, 1080p""","""Vibration; MP3, WAV ringtones""",""" Yes""","""Yes""","""- Active noise cancellation with dedicated mic""",""" Wi-Fi 802.11 b/g/n, Wi-Fi Direct, hotspot""",""" 4.2, A2DP, LE""",""" Yes, with A-GPS, GLONASS, BDS""",""" Yes""",""" FM radio""",""" microUSB 2.0""","""Fingerprint (rear-mounted), accelerometer, gyro, proximity, compass""",""" SMS(threaded view), MMS, Email, Push Mail, IM""","""HTML5""","""No""",""" - DivX/Xvid/MP4/H.265 player
- MP3/WAV/eAAC+/FLAC player
- Photo/video editor
- Document viewer""","""Non-removable Li-Po 4100 mAh battery""",""" Up to 432 h (3G)""",""" Up to 36 h (3G)""",""" Up to 87 h""","""Black, Gold""","""-""","""-""","""3/10""","""-""","""-""","""-""","""-""","""-""","""-""",""" """,""" """,""" """,""" ""","""9.0""","""EOL"""
"""Smartphone""","""Xiaomi""","""Mi 6""","""1499""","""xiaomi-mi-6.jpg""","""GSM / CDMA / HSPA / EVDO / LTE""","""Available. Released 2017, April""","""145.2 x 70.5 x 7.5 mm (5.72 x 2.78 x 0.30 in)""",""" 168 g / 182 g (Ceramic) (6.42 oz)""","""-""","""2""","""Nano-SIM""",""" IPS LCD capacitive touchscreen, 16M colors""","""5.15 inches (~71.4% screen-to-body ratio)""","""1080 x 1920 pixels (~428 ppi pixel density)""","""Yes""","""To be confirmed""","""- MIUI 8.0""","""Android 7.1.1 (Nougat)""","""Qualcomm MSM8998 Snapdragon 835""","""-""",""" Octa-core (4x2.45 GHz Kryo & 4x1.9 GHz Kryo)""","""-""",""" Adreno 540""","""-""","""microSD""","""256 GB""","""128 GB""","""6 GB""","""12 MP, f/2.2, 27mm, phase detection autofocus, LED flash""","""Geo-tagging, touch focus, face detection, HDR, panorama""","""1080p@30fps""","""8 MP, f/2.2, 27mm, 1080p""","""Vibration; MP3, WAV ringtones""",""" Yes, with stereo speakers""","""No""","""- Active noise cancellation with dedicated mic""",""" Wi-Fi 802.11 a/b/g/n/ac, dual-band, Wi-Fi Direct, DLNA, hotspot""","""5.0, A2DP, LE""","""Yes, with A-GPS, GLONASS, BDS""",""" Yes""","""No""","""Type-C 1.0 reversible connector""","""Fingerprint (front-mounted), accelerometer, gyro, proximity, compass, barometer""","""SMS(threaded view), MMS, Email, Push Mail, IM""",""" HTML5""","""No""",""" - Fast battery charging (Quick Charge 3.0)
- MP4/DivX/XviD/WMV/H.264 player
- MP3/WAV/eAAC+/FLAC player
- Photo/video editor
- Document viewer""",""" Non-removable Li-Po 3350 mAh battery""","""-""","""-""","""-""",""" Ceramic Black, Black, Blue, White""","""-""","""-""","""8/10""","""-""","""-""","""-""","""-""","""-""","""-""",""" """,""" """,""" """,""" ""","""8.9""","""EOL"""
"""Smartphone""","""Xiaomi""","""Mi 5c""","""1299""","""xiaomi-mi-5c.jpg""","""GSM / HSPA / LTE""","""Available. Released 2017, March""","""144.4 x 69.7 x 7.1 mm (5.69 x 2.74 x 0.28 in)""",""" 135 g (4.76 oz)""","""-""","""2""","""Nano-SIM""",""" IPS LCD capacitive touchscreen, 16M colors""","""5.15 inches (~72.6% screen-to-body ratio)""",""" 1080 x 1920 pixels (~428 ppi pixel density)""","""Yes""","""-""",""" - MIUI 8""","""Android 7.1 (Nougat)""",""" Xiaomi Surge S1""","""-""","""Octa-core (4x2.2 GHz Cortex-A53 & 4x1.4 GHz Cortex-A53)""","""-""",""" Mali-T860MP4""","""-""","""-""","""-""","""64 GB""","""3 GB""","""12 MP, f/2.2, 27mm, phase detection autofocus, LED flash""","""Geo-tagging, touch focus, face detection, HDR, panorama""","""1080p@30fps""","""8 MP, f/2.2, 27mm, 1080p""","""Vibration; MP3, WAV ringtones""","""Yes""","""Yes""",""" - Active noise cancellation with dedicated mic""","""Wi-Fi 802.11 a/b/g/n/ac, dual-band, WiFi Direct, hotspot""","""4.1, A2DP, LE""",""" Yes, with A-GPS, GLONASS, BDS""","""-""",""" FM radio""",""" Type-C 1.0 reversible connector""","""Fingerprint (front-mounted), accelerometer, gyro, proximity, compass""",""" SMS(threaded view), MMS, Email, Push Mail, IM""","""HTML5""","""No""","""- Fast battery charging
- MP4/H.264/XviD player
- MP3/WAV/eAAC+/Flac player
- Photo/video editor
- Document viewer""","""Non-removable Li-Ion 2860 mAh battery""","""-""","""-""","""-""","""Black, Gold, Rose Gold""","""-""","""-""","""7/10""","""-""","""-""","""-""","""-""","""-""","""-""",""" """,""" """,""" """,""" ""","""7.9""","""EOL"""
"""Smartphone""","""Oppo""","""A53""","""1399""","""oppo-a53.jpg""","""GSM / HSPA / LTE""","""Available. Released 2015, December""","""153 x 77 x 7.4 mm (6.02 x 3.03 x 0.29 in)""",""" 165 g (5.82 oz)""","""-""","""2""","""Nano-SIM/ Micro-SIM""",""" IPS LCD capacitive touchscreen, 16M colors""","""5.5 inches (~70.8% screen-to-body ratio)""","""720 x 1280 pixels (~267 ppi pixel density)""","""Yes""","""-""","""- Color OS 2.1""","""Android 5.1 (Lollipop)""","""Qualcomm MSM8939v2 Snapdragon 616""","""-""","""Octa-core (4x1.5 GHz Cortex-A53 & 4x1.0 GHz Cortex-A53)""","""-""","""Adreno 405""","""-""","""microSD""","""256 GB""","""16 GB""","""2 GB""","""13 MP, autofocus, LED flash""","""Geo-tagging, touch focus, face detection, HDR, panorama""","""1080p@30fps""","""5 MP""","""Vibration; MP3, WAV ringtones""","""Yes""","""Yes""","""-""","""Yes""","""4.0, A2DP""","""Yes, with A-GPS""","""Yes""","""FM radio""","""microUSB 2.0, USB Host""","""Accelerometer, proximity, compass""","""SMS (threaded view), MMS, Email, Push Email""","""HTML5""","""No""","""- MP4/H.264/FLAC player
- MP3/eAAC+/WAV player
- Document viewer
- Photo viewer/editor""","""Non-removable Li-Ion 3075 mAh battery""","""-""","""-""","""-""","""White/Gold""","""-""","""-""","""7/10""","""-""","""-""","""-""","""-""","""-""","""-""",""" """,""" """,""" """,""" ""","""6.7""","""EOL"""
"""Smartphone""","""Oppo""","""Neo 7""","""1599""","""oppo-neo-7.jpg""","""GSM / HSPA / LTE""","""Available. Released 2015, October""","""142.7 x 71.7 x 7.6 mm (5.62 x 2.82 x 0.30 in)""","""141 g (4.97 oz)""","""-""","""2""","""Nano-SIM/ Micro-SIM""","""IPS LCD capacitive touchscreen, 16M colors""","""5.0 inches (~67.4% screen-to-body ratio)""","""540 x 960 pixels (~220 ppi pixel density)""","""Yes""","""-""","""- Color OS 2.1""","""Android 5.1 (Lollipop)""","""Mediatek MT6582 - 3G model""","""Qualcomm MSM8916 Snapdragon 410 - 4G model""","""Quad-core 1.3 GHz Cortex-A7 - 3G model""","""Quad-core 1.2 GHz Cortex-A53 - 4G model""","""Mali-400MP2""","""Adreno 306""","""microSD""","""256 GB""","""16 GB""","""1 GB""","""8 MP, f/2.0, autofocus, LED flash""","""1/4"" sensor size, geo-tagging, touch focus, face detection, HDR, panorama""","""1080p@30fps""","""5 MP, f/2.4""","""Vibration; MP3, WAV ringtones""","""Yes""","""Yes""","""-""","""Wi-Fi 802.11 b/g/n, hotspot""","""4.0, A2DP""","""Yes, with A-GPS""","""-""","""FM radio""","""microUSB 2.0, USB Host""","""Accelerometer, proximity, compass""","""SMS (threaded view), MMS, Email, Push Email""","""HTML5""","""No""","""- MP4/H.264/FLAC player
- MP3/eAAC+/WAV player
- Document viewer
- Photo viewer/editor""","""Non-removable Li-Po 2420 mAh battery""","""Up to 218 h (3G)""","""Up to 16 h (3G)""","""-""","""Blue, White""","""-""","""-""","""3/10""","""-""","""-""","""-""","""-""","""-""","""-""",""" """,""" """,""" """,""" ""","""7.3""","""EOL"""
"""Smartphone""","""Oppo""","""Neo 5s""","""1399""","""oppo-neo-5s.jpg""","""GSM / HSPA / LTE""","""Available. Released 2015, May""","""131.9 x 65.5 x 8 mm (5.19 x 2.58 x 0.31 in)""","""135 g (4.76 oz)""","""-""","""2""","""Nano-SIM/ Micro-SIM""",""" IPS LCD capacitive touchscreen, 16M colors""","""4.5 inches (~64.6% screen-to-body ratio)""","""480 x 854 pixels (~218 ppi pixel density)""","""Yes""","""-""","""- Color OS v2.0.1""","""Android 4.4.2 (KitKat)""","""Qualcomm MSM8916 Snapdragon 410""","""-""","""Quad-core 1.2 GHz Cortex-A53""","""-""","""Adreno 306""","""-""","""microSD""","""256 GB""","""8 GB""","""1 GB""","""8 MP, autofocus, LED flash""","""Geo-tagging, touch focus, face detection, HDR, panorama""","""720p@30fps""","""2 MP""","""Vibration; MP3, WAV ringtones""","""Yes""","""Yes""","""-""","""Wi-Fi 802.11 b/g/n, Wi-Fi Direct, hotspot""","""4.0, A2DP, EDR""","""Yes, with A-GPS""","""-""","""FM radio""","""microUSB 2.0, USB Host""","""Accelerometer, proximity, compass""","""SMS (threaded view), MMS, Email, Push Email""","""HTML5""","""No""",""" - MP4/H.264/FLAC player
- MP3/eAAC+/WAV player
- Document viewer
- Photo viewer/editor""",""" Non-removable Li-Po 2000 mAh battery""","""-""","""-""","""-""","""Blue, White""","""-""","""-""","""4/10""","""-""","""-""","""-""","""-""","""-""","""-""",""" """,""" """,""" """,""" ""","""7.4""","""EOL"""
"""Smartphone""","""HTC""","""U Ultra""","""2999""","""htc-u-ultra.jpg""","""GSM / HSPA / LTE""","""Available. Released 2017, February""","""162.4 x 79.8 x 8 mm (6.39 x 3.14 x 0.31 in)""","""170 g (6.00 oz)""","""-""","""2""","""Nano-SIM""","""Super LCD5 capacitive touchscreen, 16M colors""","""5.7 inches (~69.7% screen-to-body ratio)""","""1440 x 2560 pixels (~513 ppi pixel density)""","""Yes""","""Corning Gorilla Glass 5 (64 GB version)""","""- Secondary display, 160 x 1040 pixels, 2.05 inches""","""Android 7.0 (Nougat)""","""Qualcomm MSM8996 Snapdragon 821""","""-""","""Quad-core (2x2.15 GHz Kryo & 2x1.6 GHz Kryo)""","""-""","""Adreno 530""","""-""","""microSD""","""256 GB""","""128 GB""","""4 GB""","""12 MP, f/1.8, 26mm, OIS, laser & phase detection autofocus, dual-LED (dual tone) flash, check quality""","""1/2.3'' sensor size, 1.55?m pixel size, geo-tagging, touch focus, face detection, Auto-HDR, panorama""","""2160p@30fps (24-bit/192kHz audio), 720p@120fps, check quality""","""16 MP, 1080p, Auto-HDR""","""Vibration; MP3, WAV ringtones""","""Yes""","""No""","""- 24-bit/192kHz audio
- Active noise cancellation with dedicated mic""","""Wi-Fi 802.11 a/b/g/n/ac, dual-band, WiFi Direct, DLNA, hotspot""","""4.2, A2DP, LE""","""Yes, with A-GPS, GLONASS, BDS""","""Yes""","""No""","""3.1, Type-C 1.0 reversible connector""","""Fingerprint (front-mounted), accelerometer, gyro, proximity, compass""","""SMS(threaded view), MMS, Email, Push Mail, IM""","""HTML5""","""No""",""" - Fast battery charging (Quick Charge 3.0)
- MP4/H.264 player
- MP3/eAAC+/WAV player
- Photo/video editor
- Document viewer""",""" Non-removable Li-Ion 3000 mAh battery""","""Up to 312 h (3G)""","""Up to 26 h (3G)""","""-""","""Brilliant Black, Cosmetic Pink, Ice White, Sapphire Blue""","""-""","""-""","""9/10""","""Basemark OS II 2.0: 2222 / Basemark X: 35875""","""Contrast ratio: 1831 (nominal), 3.453 (sunlight)""","""Photo / Video""",""" Voice 61dB / Noise 73dB / Ring 86dB""","""-""","""Endurance rating 81h""",""" """,""" """,""" """,""" ""","""8.7""","""EOL"""
"""Smartphone""","""HTC""","""Desire 650""","""2499""","""htc-desire-650.jpg""","""GSM / HSPA / LTE""","""Available. Released 2016, December""","""146.9 x 70.9 x 8.4 mm (5.78 x 2.79 x 0.33 in)""","""140 g (4.94 oz)""","""-""","""2""","""Nano-SIM""","""IPS LCD capacitive touchscreen, 16M colors""","""5.0 inches (~66.2% screen-to-body ratio)""","""720 x 1280 pixels (~294 ppi pixel density)""","""Yes""","""Corning Gorilla Glass (unspecified version)""","""- HTC Sense UI""","""Android 6.0 (Marshmallow)""","""Qualcomm MSM8928 Snapdragon 400""","""-""","""Quad-core 1.6 GHz Cortex-A7""","""-""","""Adreno 405""","""-""","""microSD""","""256 GB""","""16 GB""","""2 GB""","""13 MP, f/2.0, 28mm, autofocus, LED flash""","""Geo-tagging, touch focus, face detection, HDR, panorama""","""1080p@30fps""","""5 MP, f/2.8, 34mm, 1080p, HDR""","""Vibration; MP3, WAV ringtones""","""Yes""","""Yes""","""- 24-bit/192kHz audio
- Active noise cancellation with dedicated mic""","""Wi-Fi 802.11 b/g/n, hotspot""","""4.1, A2DP, LE""","""Yes, with A-GPS, GLONASS""","""Yes (EMEA only)""","""FM radio""","""microUSB 2.0""","""Accelerometer, proximity""","""SMS(threaded view), MMS, Email, Push Mail, IM""","""HTML5""","""No""",""" - MP4/H.264 player
- MP3/eAAC+/WAV player
- Photo/video editor
- Document viewer""",""" Non-removable Li-Ion 2200 mAh battery""","""Up to 684 h (3G)""","""Up to 17 h 30 min (3G)""","""Up to 44 h""",""" Dark blue, White""","""-""","""-""","""4/10""","""-""","""-""","""-""","""-""","""-""","""-""",""" """,""" """,""" """,""" ""","""7.4""","""EOL"""
"""Smartphone""","""HTC""","""Desire 830""","""1999""","""htc-desire-830.jpg""","""GSM / HSPA / LTE""","""Available. Released 2016, May""","""157.5 x 78.9 x 7.8 mm (6.20 x 3.11 x 0.31 in)""","""156 g (5.50 oz)""","""-""","""2""","""Nano-SIM""","""Super LCD capacitive touchscreen, 16M colors""","""5.5 inches (~67.1% screen-to-body ratio)""","""1080 x 1920 pixels (~401 ppi pixel density)""","""Yes""","""Corning Gorilla Glass (unspecified version)""","""-""","""Android 6.0 (Marshmallow)""","""Mediatek MT6795 Helio X10""","""-""","""Octa-core 1.5 GHz Cortex-A53""","""-""","""PowerVR G6200""","""-""","""microSD""","""256 GB""","""32 GB""","""3 GB""","""13 MP, f/2.0, 28mm, autofocus, OIS, LED flash""","""1.12 ?m pixel size, geo-tagging, touch focus, face detection, panorama, HDR""","""1080p@30fps""","""4 MP, f/2.0, 27mm, 1/3"" sensor size, 2?m pixel size, 1080p@30fps, HDR""","""Vibration; MP3, WAV ringtones""","""Yes, with stereo speakers""","""Yes""","""Wi-Fi 802.11 a/b/g/n, Wi-Fi Direct, DLNA, hotspot""","""Wi-Fi 802.11 a/b/g/n, Wi-Fi Direct, DLNA, hotspot""","""4.1, A2DP""","""Yes, with A-GPS, GLONASS""","""Yes (market dependant)""","""FM radio""","""microUSB 2.0""","""Accelerometer, proximity, compass""","""SMS(threaded view), MMS, Email, Push Mail, IM""","""HTML5""","""No""","""- MP4/H.264 player
- MP3/eAAC+/WAV player
- Photo/video editor
- Document viewer""","""Non-removable Li-Ion 2800 mAh battery""","""Up to 545 h (3G)""","""Up to 14 h 30 min (3G)""","""-""","""White/Blue, White/Red""","""-""","""-""","""6/10""","""-""","""-""","""-""","""-""","""-""","""-""",""" """,""" """,""" """,""" ""","""6.5""","""EOL"""
"""Smartphone""","""Apple""","""iPhone 7 Plus""","""4500""","""iphone7-plus-black-select-2016.png""","""GSM/CDMA/HSPA/LTE""","""Available. Released 2016, September""","""158.2 x 77.9 x 7.3 mm (6.23 x 3.07 x 0.29 in)""","""188 g (6.63 oz)""",""" ""","""1""","""Nano-SIM""","""LED-backlit IPS LCD, capacitive touchscreen, 16M colors""","""5.5 inches (~67.7% screen-to-body ratio)""","""1080 x 1920 pixels (~401 ppi pixel density)""","""Yes""","""Ion-strengthened glass, oleophobic coating""",""" - Wide color gamut display
- 3D Touch display & home button
- Display Zoom""","""iOS 10.0.1, upgradable to iOS 10.3.2""","""Apple A10 Fusion""",""" ""","""Quad-core 2.34 GHz (2x Hurricane + 2x Zephyr)""",""" ""","""PowerVR Series7XT Plus (six-core graphics)""",""" """,""" """,""" ""","""256 GB""","""3 GB""","""24 MP, (28mm, f/1.8, OIS & 56mm, f/2.8), phase detection autofocus, 2x optical zoom, quad-LED (dual tone) flash""","""1/3"" sensor size @ 28mm, 1/3.6"" sensor size @ 56mm, geo-tagging, simultaneous 4K video and 8MP image recording, touch focus, face/smile detection, HDR (photo/panorama)""","""2160p@30fps, 1080p@30/60/120fps, 720p@240fps""","""7 MP, f/2.2, 32mm, 1080p@30fps, 720p@240fps, face detection, HDR, panorama""","""Vibration, proprietary ringtones""","""Yes, with stereo speakers""","""No""","""- Active noise cancellation with dedicated mic
- Lightning to 3.5 mm headphone jack adapter incl.""","""Wi-Fi 802.11 a/b/g/n/ac, dual-band, hotspot""","""4.2, A2DP, LE""","""Yes, with A-GPS, GLONASS""","""Yes (Apple Pay only)""","""No""","""2.0, reversible connector""","""Fingerprint (front-mounted), accelerometer, gyro, proximity, compass, barometer""","""iMessage, SMS (threaded view), MMS, Email, Push Email""","""HTML5 (Safari)""","""No""","""- Siri natural language commands and dictation
- iCloud cloud service
- MP3/WAV/AAX+/AIFF/Apple Lossless player
- MP4/H.264 player
- Audio/video/photo editor
- Document editor""",""" Non-removable Li-Ion 2900 mAh battery (11.1 Wh)""","""Up to 384 h (3G)""","""Up to 21 h (3G)""","""Up to 60 h""",""" Jet Black, Black, Silver, Gold, Rose Gold, Red""",""" 1.19 W/kg (head)     1.19 W/kg (body)    ""","""1.24 W/kg (head)     1.00 W/kg (body)    ""","""9/10""","""Basemark OS II 2.0: 3796""","""Contrast ratio: 1398:1 (nominal), 3.588 (sunlight)""",""" ""","""Voice 68dB / Noise 72dB / Ring 72dB""",""" Noise -93.1dB / Crosstalk -80.5dB""","""Endurance rating 75h""",""" """,""" """,""" """,""" ""","""8.5""","""EOL"""
"""Smartphone""","""Apple""","""iPhone 6 Plus""","""1688""","""apple-iphone-6-plus-1.jpg""","""GSM/CDMA/HSPA/EVDO/LTE""","""Available. Released 2014, September""","""158.1 x 77.8 x 7.1 mm (6.22 x 3.06 x 0.28 in)""","""172 g (6.07 oz)""",""" ""","""1""","""Nano-SIM""","""LED-backlit IPS LCD, capacitive touchscreen, 16M colors""","""5.5 inches (~67.8% screen-to-body ratio)""","""1080 x 1920 pixels (~401 ppi pixel density)""","""Yes""","""Ion-strengthened glass, oleophobic coating""","""- Display Zoom""",""" iOS 8, upgradable to iOS 10.3.2""","""Apple A8""",""" ""","""Dual-core 1.4 GHz Typhoon (ARM v8-based)""",""" ""","""PowerVR GX6450 (quad-core graphics)""",""" """,""" """,""" ""","""128 GB""","""1 GB""",""" 8 MP, f/2.2, 29mm, phase detection autofocus, OIS, dual-LED (dual tone) flash""","""1/3"" sensor size, 1.5 ?m pixel size, touch focus, geo-tagging, face/smile detection, HDR (photo/panorama)""","""1080p@60fps, 720p@240fps""","""1.2 MP, f/2.2, 31mm, 720p@30fps, face detection, HDR, FaceTime over Wi-Fi or Cellular""","""Vibration, proprietary ringtones""","""Yes""","""Yes""","""- 16-bit/44.1kHz audio
- Active noise cancellation with dedicated mic""","""Wi-Fi 802.11 a/b/g/n/ac, dual-band, hotspot""","""4.0, A2DP, LE""","""Yes, with A-GPS, GLONASS""","""Yes (Apple Pay only)""","""No""","""2.0, reversible connector""","""Fingerprint (front-mounted), accelerometer, gyro, proximity, compass, barometer""","""iMessage, SMS (threaded view), MMS, Email, Push Email""","""HTML5 (Safari)""","""No""","""- Siri natural language commands and dictation
- iCloud cloud service
- MP3/WAV/AAX+/AIFF/Apple Lossless player
- MP4/H.264 player
- Audio/video/photo editor
- Document editor""","""Non-removable Li-Po 2915 mAh battery (11.1 Wh)""","""Up to 384 h (3G)""","""Up to 24 h (3G)""","""Up to 80 h""","""Space Gray, Silver, Gold""","""1.19 W/kg (head)     1.19 W/kg (body)""","""0.99 W/kg (head)     0.91 W/kg (body)   ""","""9/10""",""" Basemark OS II: 1222""",""" Contrast ratio: 1361 (nominal), 3.023 (sunlight)""",""" ""","""Voice 67dB / Noise 65dB / Ring 66dB""","""Noise -94dB / Crosstalk -72dB""","""Endurance rating 79h""",""" """,""" """,""" """,""" ""","""8.2""","""EOL"""
"""Keypad""","""Toshiba""","""G900""","""110""","""toshiba-g900.jpe""","""GSM/ HSPA""","""Discontinued""","""119 x 61 x 21.5 mm (4.69 x 2.40 x 0.85 in)""","""198 g (6.98 oz)""",""" ""","""1""","""Mini-SIM""","""TFT resistive touchscreen, 65K colors""","""3.0 inches (~35.3% screen-to-body ratio)""","""480 x 800 pixels (~311 ppi pixel density)""",""" """,""" """,""" ""","""Microsoft Windows Mobile 6 Professional""",""" """,""" """,""" Marvell PXA270 520 MHz""",""" """,""" """,""" ""","""miniSD""",""" ""","""40 MB""","""128 MB ""","""2 MP, LED flash""",""" ""","""320p""","""No""","""Vibration; Downloadable polyphonic, MP3 ringtones""","""No""","""No""",""" - 2.5 mm audio jack""","""Wi-Fi 802.11b/g, VoIP over WLAN""","""2.0, A2DP""","""No""",""" """,""" ""","""miniUSB 1.1, USB host""","""Fingerprint (front-mounted)""",""" SMS, EMS, MMS, Email""","""WAP 2.0/xHTML, HTML (Opera 8.6)""","""Yes, MIDP 2.0""","""- Pocket Office 
- MP3/ACC+ player
- Photo editor
- Voice memo
- Organizer""","""Removable Li-Ion 1320 mAh battery""","""Up to 320 h""","""Up to 4 h 20 min""",""" ""","""Silver""","""0.50 W/kg (head)     1.13 W/kg (body)  """,""" ""","""8/10""",""" """,""" """,""" """,""" """,""" """,""" """,""" """,""" """,""" ""","""QWERTY""","""6.6""","""EOL"""
"""Keypad""","""Toshiba""","""G500""","""105""","""toshiba-portege-g500-full-1.jpg""","""GSM/ HSPA""","""Discontinued""",""" 96 x 49 x 22.9 mm (3.78 x 1.93 x 0.90 in)""","""135 g (4.76 oz)""",""" ""","""1""","""Mini-SIM""","""TFT, 65K colors""",""" 2.3 inches (~34.8% screen-to-body ratio)""","""240 x 320 pixels (~174 ppi pixel density)""",""" """,""" """,""" ""","""Microsoft Windows Mobile 5.0""",""" """,""" ""","""32-bit Intel XScale PXA270 312 MHz""",""" """,""" """,""" ""","""miniSD""",""" ""","""64 MB""",""" ""","""2 MP""",""" ""","""Yes""","""Yes""","""Vibration, MP3 ringtones""","""Yes""","""No""","""- 2.5 mm audio jack""","""Wi-Fi 802.11b/g, VoIP over WLAN""","""2.0, A2DP""",""" """,""" ""","""No""","""miniUSB 1.1""","""Fingerprint (rear-mounted)""","""SMS, MMS, Email, Push Email""","""WAP 2.0/xHTML, HTML (Opera 8.6)""",""" Yes, MIDP 2.0""",""" - Pocket Office 
- MP3/WMA/ACC+ player
- MP4/WMV/H.264/H.263 player
- Photo editor
- Voice memo
- Organizer""","""Removable Li-Ion 1200 mAh battery""","""Up to 240 h (2G) / Up to 240 h (3G)""","""Up to 4 h (2G) / Up to 3 h (3G)""",""" ""","""Silver""","""0.22 W/kg (head)     1.44 W/kg (body)  """,""" ""","""6/10""",""" """,""" """,""" """,""" """,""" """,""" """,""" """,""" """,""" """,""" ""","""6.2""","""EOL"""
"""Smartphone""","""Oppo""","""F3 Plus""","""2100""","""oppo-f3-plus.jpg""","""GSM/ HSPA/ LTE""","""Available. Released 2017, April""","""163.6 x 80.8 x 7.4 mm (6.44 x 3.18 x 0.29 in)""","""185 g (6.53 oz)""",""" ""","""2""","""Nano-SIM""","""IPS LCD capacitive touchscreen, 16M colors""","""6.0 inches (~75.1% screen-to-body ratio)""","""1080 x 1920 pixels (~367 ppi pixel density)""","""Yes""","""Corning Gorilla Glass 5""","""- ColorOS 3.0""","""Android 6.0 (Marshmallow)""","""Qualcomm MSM8976 Pro Snapdragon 653""",""" ""","""Octa-core (4x1.95 GHz Cortex-A72 & 4x1.44 GHz Cortex-A53)""",""" ""","""Adreno 510""",""" ""","""microSD""","""256 GB""","""64 GB""","""4 GB""","""16 MP, f/1.7, phase detection autofocus, OIS, dual-LED (dual tone) flash""","""1/2.8"" sensor size, geo-tagging, touch focus, face detection, HDR, panorama""","""2160p@30fps, 1080p@30fps""","""16 MP, f/2.0, 1/3 sensor size""","""Vibration; MP3, WAV ringtones""","""Yes""","""Yes""","""- Active noise cancellation with dedicated mic""","""Wi-Fi 802.11 a/b/g/n/ac, dual-band, WiFi Direct, hotspot""",""" 4.1, A2DP, LE""","""Yes, with A-GPS""",""" ""","""No""","""microUSB 2.0, USB On-The-Go""","""Fingerprint (front-mounted), accelerometer, gyro, proximity, compass""","""SMS (threaded view), MMS, Email, Push Email""",""" HTML5""","""No""","""- Fast battery charging: (VOOC Flash Charge)
- MP4/H.264 player
- MP3/WAV/eAAC+/FLAC player
- Document viewer
- Photo/video editor""","""Non-removable Li-Ion 4000 mAh battery""",""" """,""" """,""" ""","""Pink, Gold""",""" """,""" ""","""8/10""","""Basemark OS II: 2349 / Basemark X: 16695""",""" Contrast ratio: 1485 (nominal), 3.218 (sunlight)""",""" """,""" Voice 62dB / Noise 69dB / Ring 70dB""","""Noise-93.5dB / Crosstalk -92.0dB""","""Endurance rating 79h""",""" """,""" """,""" """,""" ""","""8.0""","""EOL"""
"""Smartphone""","""Oppo""","""A77""","""1900""","""oppo-a77.jpg""","""GSM/ HSPA/ LTE""","""Not Yet. 2017, May""","""7.3 mm thickness""","""153 g (5.40 oz)""",""" ""","""2""","""Nano-SIM""","""IPS LCD capacitive touchscreen, 16M colors""","""5.5 inches""","""1080 x 1920 pixels (~401 ppi pixel density)""","""Yes""",""" ""","""- Color OS""","""Android 6.0 (Marshmallow)""","""Mediatek MT6750T""",""" ""","""Octa-core 1.5 GHz Cortex-A53""",""" ""","""Mali-T860MP2""",""" ""","""microSD""","""256 GB""","""64 GB""","""4 GB""","""13 MP, f/2.2, phase detection autofocus, LED flash""","""Geo-tagging, touch focus, face detection, HDR, panorama""","""1080p@30fps""","""16 MP, f/2.0, 1.12 ?m pixel size, 1080p""","""Vibration; MP3, WAV ringtones""","""Yes""","""Yes""",""" ""","""Wi-Fi 802.11 b/g/n, hotspot""","""4.2, A2DP""","""Yes, with A-GPS""",""" """,""" ""","""microUSB 2.0""",""" Fingerprint (front-mounted), accelerometer, proximity, compass""","""SMS (threaded view), MMS, Email, Push Email""","""HTML5""","""No""",""" - MP4/H.264/FLAC player
- MP3/eAAC+/WAV player
- Document viewer
- Photo viewer/editor""","""Non-removable Li-Ion 3200 mAh battery""",""" """,""" """,""" ""","""Gold, Rose Gold""",""" """,""" ""","""7/10""",""" """,""" """,""" """,""" """,""" """,""" """,""" """,""" """,""" """,""" ""","""7.9""","""EOL"""
"""Smartphone""","""Meizu""","""E2""","""1199""","""Meizu-E2-1.jpg""","""GSM/ HSPA/ LTE""","""Available. Released 2017, April""","""153.7 x 75.7 x 7.5 mm (6.05 x 2.98 x 0.30 in)""","""155 g (5.47 oz)""",""" ""","""2""","""Nano-SIM""","""IPS LCD capacitive touchscreen, 16M colors""","""5.5 inches (~71.0% screen-to-body ratio)""","""1080 x 1920 pixels (~403 ppi pixel density)""","""Yes""",""" ""","""- Flyme 6.0""","""Android 7.0 (Nougat)""","""Mediatek MT6757 Helio P20""",""" ""","""Octa-core (4x2.3 GHz Cortex-A53 & 4x1.6 GHz Cortex-A53)""",""" ""","""Mali-T880MP2""",""" ""","""microSD""","""256 GB""","""64 GB""","""4 GB""","""13 MP, f/2.2, phase detection autofocus, Quad-LED (dual tone) flash""","""Geo-tagging, touch focus, face detection, HDR, panorama""","""1080p@30fps""","""8 MP, f/2.0, 1.4 ?m pixel size, 1080p""","""Vibration; MP3, WAV ringtones""","""Yes""","""Yes""","""- Active noise cancellation with dedicated mic""","""Wi-Fi 802.11 a/b/g/n, dual-band, WiFi Direct, hotspot""","""4.2, A2DP, LE""","""Yes, with A-GPS, GLONASS""",""" """,""" ""","""Yes""","""Fingerprint (front-mounted), accelerometer, gyro, proximity, compass""","""SMS(threaded view), MMS, Email, Push Mail, IM""","""HTML5""","""No""",""" - Fast battery charging (mCharge 3.0)
- MP3/WAV/eAAC+/FLAC player
- MP4/H.265 player
- Document editor
- Photo/video editor""","""Non-removable Li-Ion 3400 mAh battery""",""" """,""" """,""" ""","""Black, Gold, Silver""",""" """,""" ""","""5/10""",""" """,""" """,""" """,""" """,""" """,""" """,""" """,""" """,""" """,""" ""","""8.1""","""EOL"""
"""Smartphone""","""Meizu""","""U10""","""1250""","""meizu-u10-1.jpg""","""GSM/ HSPA/ LTE""","""Available. Released 2016, August""","""141.9 x 69.6 x 7.9 mm (5.59 x 2.74 x 0.31 in)""","""139 g (4.90 oz)""",""" ""","""2""","""Nano-SIM""","""IPS LCD capacitive touchscreen, 16M colors""","""5.0 inches (~69.8% screen-to-body ratio)""","""720 x 1280 pixels (~294 ppi pixel density)""","""Yes""",""" """,""" ""","""Android OS""","""Mediatek MT6750""",""" ""","""Octa-core (4x1.5 GHz Cortex-A53 & 4x1.0 GHz Cortex-A53)""",""" ""","""Mali-T860MP2""",""" """,""" """,""" ""","""32 GB""","""3 GB""","""13 MP, f/2.2, phase detection autofocus, dual-LED (dual tone) flash""","""Geo-tagging, touch focus, face detection, HDR, panorama""","""1080p@30fps""","""5 MP, f/2.0""","""Vibration; MP3, WAV ringtones""","""Yes""","""Yes""","""- Active noise cancellation with dedicated mic""","""Wi-Fi 802.11 b/g/n, hotspot""","""4.0, A2DP, LE""",""" Yes, with A-GPS, GLONASS""",""" ""","""No""","""microUSB 2.0""","""Fingerprint (front-mounted), accelerometer, gyro, proximity, compass""","""SMS(threaded view), MMS, Email, Push Mail, IM""","""HTML5""","""No""","""- MP3/WAV/eAAC+/FLAC player
- MP4/H.265 player
- Document editor
- Photo/video editor""",""" Non-removable Li-Ion 2760 mAh battery""",""" """,""" """,""" ""","""Black, White, Shampane Gold""",""" """,""" ""","""4/10""",""" """,""" """,""" """,""" """,""" """,""" """,""" """,""" """,""" """,""" ""","""7.2""","""EOL"""
"""Smartphone""","""Meizu""","""Pro 6""","""1999""","""meizu-pro-6.jpg""","""GSM/CDMA/HSPA/EVDO/LTE""","""Available. Released 2016, May""",""" 147.7 x 70.8 x 7.3 mm (5.81 x 2.79 x 0.29 in)""","""160 g (5.64 oz)""",""" ""","""2""","""Nano-SIM""","""Super AMOLED capacitive touchscreen, 16M colors""","""5.2 inches (~71.6% screen-to-body ratio)""","""1080 x 1920 pixels (~423 ppi pixel density)""","""Yes""","""Corning Gorilla Glass 4""","""- 3D Touch display
- Flyme 5.6""","""Android 6.0 (Marshmallow)""",""" Mediatek MT6797T Helio X25""",""" """,""" Deca-core (2x2.5 GHz Cortex-A72, 4x2 GHz Cortex-A53, 4x1.4 GHz Cortex-A53)""",""" ""","""Mali-T880 MP4""",""" """,""" """,""" ""","""64 GB""","""4 GB""","""21 MP, f/2.2, 31mm, phase detection & laser autofocus, ten-LED (dual tone) flash""","""1/2.4 sensor size, geo-tagging, touch focus, face detection, HDR, panorama""","""2160p@30fps, 720p@100fps""","""5 MP, f/2.0, 1.4 ?m pixel size, 1080p""","""Vibration; MP3, WAV ringtones""","""Yes""","""Yes""","""- 32-bit/192kHz audio
- Active noise cancellation with dedicated mic""","""Wi-Fi 802.11 a/b/g/n/ac, dual-band, WiFi Direct, hotspot""","""4.1, A2DP, LE""","""Yes, with A-GPS, GLONASS, BDS""","""Yes""","""No""","""3.1, Type-C 1.0 reversible connector""","""Fingerprint (front-mounted), accelerometer, gyro, proximity, compass, barometer""",""" SMS(threaded view), MMS, Email, Push Mail, IM""","""HTML5""","""No""","""- Fast battery charging: 26% in 10 min/ 100% in 60 min
- MP3/WAV/eAAC+/FLAC player
- MP4/H.265 player
- Document editor
- Photo/video editor""","""Non-removable Li-Ion 2560 mAh battery""",""" """,""" """,""" ""","""Gray, Gold, Silver, Flames Red, Rose Gold""",""" """,""" ""","""8/10""","""Basemark OS II: 1446 / Basemark X: 15209""","""Contrast ratio: 40000:1 (nominal), 3.659 (sunlight)""",""" """,""" Voice 64dB / Noise 71dB / Ring 89dB""",""" Noise -93.5dB / Crosstalk -92.3dB""","""Endurance rating 57h""",""" """,""" """,""" """,""" ""","""8.1""","""EOL"""
